Customer_ID,Age,Income_Level,Purchase_Amount,Frequency_of_Purchase,Customer_Satisfaction,Potential_CLV
90-144-9193,21,Middle,486.4,12,9,5253.12
42-518-2602,30,Middle,473.96,12,9,5118.767999999999
27-347-7437,44,High,405.7,12,10,4868.4
82-671-7236,28,Middle,494.34,12,8,4745.664
57-345-3921,42,High,393.45,12,10,4721.4
22-352-0576,48,Middle,465.85,10,10,4658.5
14-305-8712,48,High,454.38,10,10,4543.8
25-286-8786,27,High,461.81,12,8,4433.376
88-000-9227,49,Middle,393.48,11,10,4328.280000000001
47-356-9730,25,High,441.73,12,8,4240.608
86-390-9555,48,Middle,436.54,12,8,4190.784000000001
65-359-4645,28,Middle,461.71,10,9,4155.389999999999
21-808-2293,30,Middle,431.78,12,8,4145.088
65-533-1660,18,Middle,415.3,11,9,4111.47
01-404-3425,38,High,370.05,11,10,4070.55
72-006-3769,41,High,446.11,9,10,4014.9900000000002
61-951-7929,32,Middle,454.15,11,8,3996.5199999999995
91-558-5922,50,High,443.11,9,10,3987.9900000000002
46-678-4172,24,Middle,365.88,12,9,3951.5039999999995
90-093-0469,42,Middle,444.87,11,8,3914.8559999999998
20-699-9217,28,High,356.87,12,9,3854.196000000001
66-894-5431,41,Middle,473.77,9,9,3837.5370000000003
51-387-9144,38,High,476.48,8,10,3811.84
65-167-9819,28,High,430.75,11,8,3790.6
32-457-2982,47,High,421.5,11,8,3709.2
35-880-9374,36,Middle,368.91,10,10,3689.1
18-925-1867,23,High,337.21,12,9,3641.8679999999995
22-053-4627,30,High,472.53,11,7,3638.4809999999998
30-987-7421,36,Middle,365.38,11,9,3617.2619999999997
03-623-6767,48,Middle,423.23,12,7,3555.132
29-374-1297,33,Middle,444.05,10,8,3552.4
64-706-7841,25,High,320.94,11,10,3530.34
13-848-5757,32,High,498.23,10,7,3487.6099999999997
22-157-2494,19,High,289.08,12,10,3468.96
00-285-9607,44,Middle,491.49,10,7,3440.4299999999994
62-644-8183,50,Middle,490.41,7,10,3432.8700000000003
95-675-7816,19,High,311.74,11,10,3429.1400000000003
91-440-0011,50,Middle,474.99,9,8,3419.928
71-876-9118,24,Middle,418.62,9,9,3390.822
04-213-4617,43,High,414.8,9,9,3359.88
62-989-8214,30,Middle,397.78,12,7,3341.352
74-022-7557,19,High,345.04,12,8,3312.3840000000005
63-743-6962,39,Middle,304.79,12,9,3291.732000000001
88-051-0567,49,High,372.26,11,8,3275.888
64-180-2404,48,Middle,361.48,10,9,3253.32
84-315-7189,29,High,299.28,12,9,3232.2239999999997
74-033-1145,27,High,489.66,11,6,3231.7560000000003
53-070-2625,46,High,460.37,10,7,3222.5899999999997
59-080-5779,50,High,486.07,11,6,3208.0619999999994
36-948-6994,29,High,359.94,11,8,3167.472
75-847-7630,37,Middle,439.24,8,9,3162.528
59-261-4453,40,High,494.81,9,7,3117.303
73-434-2308,19,Middle,388.82,10,8,3110.56
23-085-0811,43,High,345.49,9,10,3109.41
06-594-3417,27,High,344.81,10,9,3103.29
17-364-8685,26,High,351.54,11,8,3093.552
21-734-0212,24,Middle,423.92,8,9,3052.224
15-152-9751,21,High,338.96,10,9,3050.64
35-850-8676,24,High,472.52,8,8,3024.1279999999997
30-567-4471,34,Middle,373.69,10,8,2989.52
85-391-1888,18,High,413.7,8,9,2978.64
69-394-1424,35,High,494.97,12,5,2969.82
47-992-7446,41,Middle,371.19,10,8,2969.52
06-764-5496,26,High,419.98,7,10,2939.86
67-037-2087,32,High,485.77,10,6,2914.62
11-719-8800,37,Middle,346.36,12,7,2909.424
77-031-4898,21,Middle,320.5,10,9,2884.5
36-274-5269,27,Middle,291.09,11,9,2881.7909999999997
17-246-6194,45,Middle,323.4,11,8,2845.9199999999996
64-915-2968,30,High,427.86,11,6,2823.876
61-627-1822,39,High,446.03,9,7,2809.9889999999996
86-044-1071,30,Middle,467.58,10,6,2805.4800000000005
33-405-7978,50,High,288.34,12,8,2768.064
47-266-2261,36,Middle,457.39,12,5,2744.34
41-215-6092,37,High,253.37,12,9,2736.3959999999997
29-067-4901,35,High,227.03,12,10,2724.36
80-360-6324,24,High,302.6,9,10,2723.4
77-241-7621,26,High,453.37,10,6,2720.22
13-297-9777,42,Middle,301.16,10,9,2710.44
74-478-5950,37,Middle,424.39,9,7,2673.657
14-364-4904,43,High,295.6,10,9,2660.4
59-891-2990,22,Middle,367.56,9,8,2646.432
95-478-2650,37,Middle,461.0,7,8,2581.6
19-873-9468,37,Middle,408.51,9,7,2573.6130000000003
86-771-9082,20,High,401.75,8,8,2571.2
76-382-7162,26,High,454.93,8,7,2547.608
69-157-9577,41,High,396.82,7,9,2499.9659999999994
83-003-2165,49,High,437.97,8,7,2452.632
63-217-7638,34,Middle,297.29,9,9,2408.049
56-719-7145,48,High,333.15,9,8,2398.68
65-539-9955,18,High,397.25,6,10,2383.5
55-620-7906,21,High,264.52,9,10,2380.68
16-583-2801,32,Middle,476.11,5,10,2380.55
48-271-1908,40,High,308.58,11,7,2376.066
28-874-8938,46,High,266.9,11,8,2348.72
93-356-8589,35,High,370.73,7,9,2335.599
79-861-6506,20,High,352.87,11,6,2328.942
13-618-9438,40,High,321.26,12,6,2313.072
66-515-3648,20,Middle,366.77,7,9,2310.651
94-408-2581,40,Middle,474.56,8,6,2277.888
22-234-9315,44,High,360.92,7,9,2273.796
48-203-9118,21,Middle,378.47,6,10,2270.82
64-803-7087,32,Middle,251.54,9,10,2263.86
29-779-3457,49,Middle,323.39,10,7,2263.7299999999996
77-742-5663,47,Middle,375.7,6,10,2254.2
83-427-3218,47,Middle,467.32,12,4,2243.136
72-336-1992,44,Middle,373.49,6,10,2240.94
65-431-1264,21,Middle,226.04,11,9,2237.796
92-142-9480,39,High,319.66,7,10,2237.6200000000003
97-505-8416,43,Middle,319.39,7,10,2235.73
17-213-2834,34,Middle,372.49,12,5,2234.94
94-288-4423,39,High,310.23,12,6,2233.656
64-846-7450,37,High,442.18,5,10,2210.9
81-479-0790,19,High,366.16,12,5,2196.96
63-684-4073,45,High,331.57,11,6,2188.362
17-763-9416,32,High,455.55,8,6,2186.6400000000003
42-101-8525,21,Middle,301.01,9,8,2167.272
46-662-1571,40,Middle,300.73,8,9,2165.2560000000003
96-496-9833,30,High,450.52,8,6,2162.496
47-947-4888,26,High,326.08,11,6,2152.1279999999997
32-314-2958,24,Middle,437.3,7,7,2142.77
07-966-8728,23,Middle,334.22,8,8,2139.0080000000003
35-192-9050,32,Middle,395.97,9,6,2138.2380000000003
51-917-0766,28,High,277.52,11,7,2136.9039999999995
15-354-9904,34,Middle,338.2,7,9,2130.6600000000003
24-853-1635,20,Middle,473.28,5,9,2129.7599999999998
07-958-2231,27,Middle,335.8,9,7,2115.54
55-163-1389,24,High,433.82,6,8,2082.3360000000002
45-631-4619,49,High,371.12,8,7,2078.272
53-951-2529,25,Middle,384.26,6,9,2075.004
67-939-2463,28,Middle,255.42,9,9,2068.9019999999996
27-613-5005,29,Middle,430.9,8,6,2068.3199999999997
19-344-0102,44,High,459.3,9,5,2066.85
19-184-7665,25,Middle,293.99,10,7,2057.93
23-949-1954,42,Middle,456.83,5,9,2055.735
09-775-4058,23,High,425.21,12,4,2041.0079999999998
93-473-7248,43,Middle,424.27,6,8,2036.4959999999999
33-467-2534,43,Middle,183.66,11,10,2020.2599999999998
14-603-9698,40,High,334.67,12,5,2008.02
08-977-4418,29,Middle,371.84,9,6,2007.9360000000001
73-707-2809,35,Middle,227.58,11,8,2002.7040000000002
00-275-9990,24,Middle,302.74,11,6,1998.0840000000003
68-512-0568,40,High,474.03,7,6,1990.9260000000002
08-733-0300,39,Middle,247.51,10,8,1980.08
80-607-9947,43,High,439.91,5,9,1979.595
36-649-0081,24,High,400.86,7,7,1964.214
67-159-7366,29,High,490.75,10,4,1963.0
71-817-5422,19,High,195.46,10,10,1954.6
55-569-9247,41,Middle,279.08,10,7,1953.56
34-788-8387,38,Middle,485.76,10,4,1943.0400000000002
43-990-6454,33,High,438.42,11,4,1929.048
68-488-7343,19,Middle,401.43,8,6,1926.864
41-934-7739,45,Middle,457.18,7,6,1920.1560000000002
12-839-8066,20,High,399.58,6,8,1917.984
08-806-0588,25,High,434.86,11,4,1913.384
89-883-2101,38,Middle,236.99,10,8,1895.92
08-185-6608,32,High,468.16,8,5,1872.64
85-885-6579,50,Middle,346.58,6,9,1871.532
44-674-4037,33,Middle,389.7,12,4,1870.56
64-166-9097,34,High,310.17,6,10,1861.02
90-822-7664,38,Middle,229.56,9,9,1859.4360000000001
99-477-8256,25,Middle,343.77,6,9,1856.3579999999997
01-925-4021,37,Middle,292.08,7,9,1840.104
20-421-2544,24,High,185.83,11,9,1839.717
41-750-4105,23,High,382.94,8,6,1838.1119999999999
03-874-9055,29,Middle,437.06,7,6,1835.652
25-839-8670,45,Middle,382.24,12,4,1834.752
05-167-0833,21,Middle,381.3,12,4,1830.2400000000002
96-121-0629,38,Middle,303.93,6,10,1823.58
62-797-9254,35,High,289.28,9,7,1822.4639999999995
54-439-4748,35,High,375.45,6,8,1802.1599999999999
29-827-8515,40,High,255.96,7,10,1791.72
86-917-7481,48,Middle,161.38,11,10,1775.1799999999998
23-537-0742,20,Middle,201.69,11,8,1774.872
36-340-8494,38,Middle,244.6,12,6,1761.1199999999997
89-833-7175,43,Middle,209.62,12,7,1760.8080000000002
94-746-2001,30,Middle,489.1,9,4,1760.7600000000002
18-605-0795,45,Middle,390.83,9,5,1758.735
50-000-9588,47,High,437.59,10,4,1750.36
76-561-2427,27,Middle,198.45,11,8,1746.36
82-133-0444,43,High,436.57,4,10,1746.28
82-692-9306,41,High,356.22,7,7,1745.4779999999998
77-401-8183,30,High,349.0,10,5,1745.0
31-788-0864,42,Middle,226.48,11,7,1743.896
08-297-3351,34,High,217.84,10,8,1742.72
10-430-5821,25,High,214.82,9,9,1740.042
85-467-6564,35,Middle,495.95,5,7,1735.825
08-117-9893,49,High,411.62,6,7,1728.804
47-460-8015,48,Middle,359.45,6,8,1725.36
17-344-8603,29,High,319.38,9,6,1724.652
64-769-5737,45,Middle,430.75,8,5,1723.0
48-642-5768,26,Middle,273.41,7,9,1722.4830000000002
98-559-6096,20,Middle,238.01,8,9,1713.672
59-997-3903,42,High,305.73,7,8,1712.0880000000002
82-864-1154,50,High,474.42,4,9,1707.9119999999998
41-854-0707,21,Middle,170.35,10,10,1703.5
54-877-5699,21,High,340.31,10,5,1701.55
26-672-1285,24,Middle,472.61,9,4,1701.396
59-355-5251,33,Middle,377.77,9,5,1699.9649999999997
53-865-9342,27,High,242.57,7,10,1697.9900000000002
90-363-8040,27,High,483.23,7,5,1691.3049999999998
88-395-8741,44,High,299.09,8,7,1674.9039999999998
99-509-4653,36,High,298.32,7,8,1670.5919999999999
91-199-9097,29,High,340.55,7,7,1668.6950000000002
33-519-4214,25,High,307.61,6,9,1661.0940000000003
82-014-2564,33,High,461.34,4,9,1660.8239999999998
39-499-3854,25,Middle,166.0,10,10,1660.0
40-520-3271,29,High,235.46,10,7,1648.22
19-386-9088,24,High,411.95,10,4,1647.8
78-905-2660,36,Middle,235.32,7,10,1647.2400000000002
37-128-5425,40,High,392.08,6,7,1646.736
11-121-0709,42,Middle,410.29,10,4,1641.1600000000003
75-526-2611,36,High,273.48,12,5,1640.8800000000003
48-825-0400,38,Middle,407.88,4,10,1631.52
45-337-1798,26,Middle,337.17,8,6,1618.416
52-491-3386,39,High,459.51,7,5,1608.2849999999999
99-945-7193,24,Middle,254.29,9,7,1602.027
42-859-2475,40,Middle,399.56,10,4,1598.24
17-551-9779,33,Middle,221.88,12,6,1597.536
77-796-5786,42,Middle,330.36,12,4,1585.728
21-048-8669,37,Middle,247.05,8,8,1581.1200000000001
67-676-5945,28,High,446.69,7,5,1563.415
27-262-6874,25,Middle,473.5,11,3,1562.55
42-674-3987,29,Middle,443.52,5,7,1552.32
03-023-9932,37,High,481.78,8,4,1541.696
56-592-0089,35,Middle,170.71,10,9,1536.39
71-780-8195,26,High,212.08,8,9,1526.976
99-581-5577,20,High,422.92,6,6,1522.512
04-349-6759,33,High,253.37,6,10,1520.22
10-232-0685,46,High,359.75,7,6,1510.95
19-689-4556,50,Middle,471.31,4,8,1508.192
12-029-9344,32,High,249.82,10,6,1498.9199999999998
45-073-7243,37,High,356.45,6,7,1497.0899999999997
09-948-3150,23,High,414.06,9,4,1490.616
18-793-9543,28,High,450.47,11,3,1486.551
10-079-8237,46,High,309.53,8,6,1485.744
09-513-4923,38,High,246.74,10,6,1480.44
31-284-5722,36,High,351.71,7,6,1477.182
13-015-8097,46,High,223.58,11,6,1475.6280000000002
23-253-2565,23,High,461.09,8,4,1475.4879999999998
84-894-9222,25,High,418.83,7,5,1465.905
65-457-2840,24,Middle,292.64,5,10,1463.1999999999998
46-230-8307,38,High,485.42,5,6,1456.2599999999998
94-682-4886,27,Middle,241.56,12,5,1449.3600000000001
91-789-3191,41,High,229.97,7,9,1448.8110000000001
07-024-4995,27,Middle,328.36,11,4,1444.784
57-587-4005,26,Middle,228.47,9,7,1439.361
38-881-0766,27,Middle,299.75,12,4,1438.8
91-857-0797,22,High,435.37,11,3,1436.721
92-946-7398,19,High,358.72,5,8,1434.88
19-925-2376,24,High,162.95,11,8,1433.9599999999998
71-486-8561,43,High,260.22,11,5,1431.21
08-652-2085,48,Middle,227.03,9,7,1430.289
96-079-9597,31,High,148.98,12,8,1430.2079999999999
26-828-2720,40,High,407.91,7,5,1427.6850000000002
70-699-5799,20,High,338.89,7,6,1423.3380000000002
31-218-0024,21,High,215.54,11,6,1422.5639999999999
75-964-5589,24,High,404.57,5,7,1415.995
39-731-8532,39,High,176.12,8,10,1408.96
64-120-6212,31,Middle,389.47,4,9,1402.092
58-487-8848,38,High,193.32,9,8,1391.904
72-590-6161,32,Middle,495.8,4,7,1388.24
89-189-3295,23,Middle,246.41,7,8,1379.896
99-089-1930,49,High,306.48,5,9,1379.16
56-810-2066,40,High,490.34,4,7,1372.9519999999998
46-452-3822,38,Middle,195.83,10,7,1370.8100000000002
29-779-7209,34,High,391.38,5,7,1369.8300000000002
00-477-9449,36,Middle,454.39,10,3,1363.1699999999998
55-846-2579,47,Middle,378.14,6,6,1361.304
03-422-8710,49,Middle,425.18,4,8,1360.576
28-764-3337,43,Middle,175.65,11,7,1352.505
18-518-0140,47,High,337.33,8,5,1349.32
43-671-9834,39,Middle,149.88,9,10,1348.92
37-560-7247,38,Middle,374.36,4,9,1347.6960000000001
68-391-7279,39,High,446.92,5,6,1340.7599999999998
48-918-4473,28,Middle,405.66,11,3,1338.678
31-060-2716,27,Middle,441.87,3,10,1325.6100000000001
75-210-7391,44,Middle,269.78,7,7,1321.922
87-418-1400,39,Middle,293.43,9,5,1320.435
20-419-0341,42,High,469.9,4,7,1315.7199999999998
48-630-6410,39,High,438.26,10,3,1314.7800000000002
93-455-0576,23,Middle,437.4,6,5,1312.1999999999998
43-616-8365,29,Middle,483.38,9,3,1305.126
60-834-3348,32,Middle,433.14,10,3,1299.4199999999998
91-695-8237,31,Middle,238.58,6,9,1288.3319999999999
90-170-1951,34,Middle,204.47,7,9,1288.161
54-680-5344,29,Middle,318.45,10,4,1273.8
28-832-2885,22,High,235.39,9,6,1271.1059999999998
91-170-9072,33,Middle,211.7,6,10,1270.1999999999998
84-724-8407,47,High,396.76,8,4,1269.632
43-884-2577,24,Middle,263.5,6,8,1264.8
70-895-5298,28,Middle,450.66,7,4,1261.8480000000002
99-080-9462,24,High,419.53,3,10,1258.59
53-143-6147,49,High,179.19,10,7,1254.3300000000002
04-545-9162,49,High,463.15,3,9,1250.5049999999999
89-194-0596,33,High,354.7,5,7,1241.45
10-330-6387,45,High,129.1,12,8,1239.36
82-975-8569,26,High,128.74,12,8,1235.904
82-726-1255,30,Middle,102.91,12,10,1234.92
71-568-0867,46,High,256.44,8,6,1230.9119999999998
15-146-4456,40,High,489.67,5,5,1224.175
23-246-5927,47,Middle,249.6,7,7,1223.04
29-392-9296,49,High,222.22,11,5,1222.21
03-992-3728,26,Middle,339.32,9,4,1221.5520000000001
48-315-0196,23,Middle,150.33,9,9,1217.673
12-409-5166,48,Middle,368.4,11,3,1215.7199999999998
36-444-5336,48,Middle,276.25,11,4,1215.5
87-806-4478,35,Middle,151.81,8,10,1214.48
95-528-2313,19,Middle,449.72,3,9,1214.2440000000001
27-941-4995,27,High,483.77,5,5,1209.425
73-698-2326,39,Middle,251.8,6,8,1208.64
55-237-7991,49,Middle,125.8,12,8,1207.6799999999998
38-912-1128,38,Middle,301.6,4,10,1206.4
12-440-5464,28,Middle,215.31,7,8,1205.736
05-546-5128,21,Middle,445.34,9,3,1202.4180000000001
72-339-1854,19,High,363.84,11,3,1200.672
33-787-2143,26,Middle,265.72,5,9,1195.7400000000002
78-116-8349,38,High,238.93,5,10,1194.65
42-969-0735,29,High,282.82,6,7,1187.844
61-453-3503,34,High,282.24,6,7,1185.408
91-532-5399,29,Middle,295.75,4,10,1183.0
89-997-9041,36,High,358.11,11,3,1181.7630000000001
35-853-2222,19,High,393.78,6,5,1181.34
51-320-2801,27,High,122.99,12,8,1180.704
88-661-4689,39,Middle,218.06,6,9,1177.5240000000001
82-561-4233,45,Middle,487.95,8,3,1171.08
19-383-9741,37,Middle,161.41,9,8,1162.152
52-726-9328,19,High,241.72,6,8,1160.2559999999999
89-438-5310,24,High,231.26,10,5,1156.3
55-301-9368,34,High,360.91,4,8,1154.912
06-061-0023,20,High,479.62,8,3,1151.0880000000002
61-663-9008,18,Middle,475.65,4,6,1141.56
31-927-7787,40,High,422.09,3,9,1139.643
93-675-1619,28,Middle,203.49,7,8,1139.544
05-067-9686,20,High,207.18,11,5,1139.49
18-614-2070,47,Middle,324.41,7,5,1135.4350000000002
57-623-5362,43,High,209.79,6,9,1132.866
22-860-9860,24,High,470.38,8,3,1128.9119999999998
81-820-4735,48,Middle,468.6,4,6,1124.64
53-042-5685,44,Middle,373.05,3,10,1119.15
87-079-0237,36,High,207.24,9,6,1119.096
89-249-8369,23,High,465.48,3,8,1117.152
00-335-5034,37,High,411.4,3,9,1110.78
97-738-8095,45,High,461.16,8,3,1106.784
56-072-7011,19,High,167.67,11,6,1106.6219999999998
86-749-6914,47,Middle,276.08,4,10,1104.32
93-989-8649,26,Middle,172.5,8,8,1104.0
82-304-6495,19,High,459.39,6,4,1102.536
45-795-1873,20,High,393.35,7,4,1101.38
47-710-5471,50,Middle,199.64,11,5,1098.02
13-571-6506,25,Middle,365.37,6,5,1096.1100000000001
93-093-0556,42,Middle,454.36,3,8,1090.464
53-690-5759,38,High,196.33,11,5,1079.815
68-201-1633,33,Middle,449.18,3,8,1078.032
30-133-5120,30,Middle,448.68,8,3,1076.8319999999999
07-323-0255,31,Middle,447.53,4,6,1074.072
28-855-1639,46,High,445.93,6,4,1070.232
21-959-5766,24,High,196.63,9,6,1061.8020000000001
14-854-9545,45,Middle,440.62,8,3,1057.488
87-499-6916,48,Middle,439.31,4,6,1054.344
23-039-9347,41,Middle,214.69,7,7,1051.981
17-328-4678,27,High,119.51,11,8,1051.688
73-359-1998,24,Middle,159.3,11,6,1051.38
12-699-6543,49,Middle,214.59,6,8,1030.032
97-237-3483,49,Middle,190.25,6,9,1027.35
50-637-1630,42,High,427.94,12,2,1027.056
31-088-6950,27,Middle,116.14,11,8,1022.0319999999999
38-069-8615,37,Middle,242.79,6,7,1019.7180000000001
66-772-9922,32,High,363.98,4,7,1019.144
29-438-8126,36,Middle,462.48,11,2,1017.4560000000001
85-666-7449,26,High,338.6,10,3,1015.8
25-096-6830,36,High,203.13,10,5,1015.65
24-371-5870,49,Middle,362.3,7,4,1014.4399999999999
43-612-8079,47,High,250.73,4,10,1002.9199999999998
74-431-0242,41,Middle,250.54,4,10,1002.1600000000001
09-369-0588,42,High,333.18,6,5,999.54
76-910-2337,23,Middle,92.43,12,9,998.244
73-846-1423,38,High,178.21,7,8,997.976
35-418-0288,48,High,198.73,10,5,993.65
73-145-5784,50,Middle,395.18,5,5,987.95
92-142-4328,45,Middle,492.83,5,4,985.6600000000001
71-975-9564,40,High,127.66,11,7,982.982
14-415-2802,29,Middle,408.81,8,3,981.144
84-538-0238,19,Middle,466.74,7,3,980.1540000000001
29-625-7057,31,Middle,489.05,10,2,978.1
56-782-9001,18,High,135.65,8,9,976.6800000000001
84-934-2483,49,High,348.63,4,7,976.164
25-085-7917,42,Middle,195.05,5,10,975.25
84-459-7736,22,Middle,324.39,5,6,973.1699999999998
89-625-5542,38,Middle,269.84,4,9,971.424
37-037-1765,30,High,404.12,6,4,969.8880000000001
38-242-3251,43,High,293.04,11,3,967.0319999999999
04-609-7885,36,Middle,160.89,10,6,965.3399999999999
95-876-9757,31,High,344.43,7,4,964.4040000000001
61-794-8438,45,Middle,133.04,12,6,957.8880000000001
02-911-0447,29,Middle,478.85,10,2,957.7
04-809-8989,25,High,239.28,8,5,957.1200000000001
53-595-7635,25,High,455.44,7,3,956.424
39-107-6852,21,Middle,433.99,11,2,954.778
69-157-6752,18,Middle,378.71,5,5,946.775
06-357-6548,39,Middle,295.54,8,4,945.7280000000001
58-233-5963,34,High,393.09,8,3,943.4159999999999
33-609-0598,29,High,336.89,4,7,943.292
27-843-5553,44,Middle,314.32,6,5,942.96
01-089-2223,35,High,195.07,8,6,936.336
37-611-6911,22,Middle,333.8,4,7,934.64
72-454-2741,49,Middle,258.68,4,9,931.2479999999999
89-302-8461,37,Middle,290.11,8,4,928.3520000000001
20-562-2569,44,High,463.67,5,4,927.3399999999999
06-008-2805,32,High,462.3,5,4,924.6
87-934-6762,41,High,341.91,3,9,923.1569999999999
19-560-0717,50,Middle,460.88,5,4,921.76
96-772-7220,40,High,341.24,9,3,921.348
19-311-9149,21,High,305.54,6,5,916.6200000000001
67-036-4295,50,Middle,260.14,5,7,910.4899999999998
97-463-0048,44,Middle,302.07,6,5,906.21
88-313-2633,33,Middle,143.8,9,7,905.9399999999999
55-279-3045,23,Middle,257.43,5,7,901.0050000000001
39-952-4459,18,High,257.37,7,5,900.7950000000001
85-366-1482,31,Middle,224.52,8,5,898.0800000000002
60-470-3563,29,Middle,498.33,2,9,896.994
24-241-7171,30,High,182.94,7,7,896.406
21-821-6398,50,Middle,142.02,7,9,894.726
98-130-8811,18,High,212.8,6,7,893.7600000000002
01-484-8220,38,Middle,330.27,3,9,891.7289999999999
00-107-4749,36,Middle,178.04,5,10,890.2
42-898-6421,21,High,105.95,12,7,889.9800000000001
67-697-2331,22,Middle,277.29,4,8,887.3280000000001
32-799-7704,34,High,402.86,11,2,886.292
21-300-2001,41,Middle,491.18,3,6,884.124
24-878-4507,34,High,327.05,9,3,883.0350000000001
07-314-2945,25,Middle,314.36,7,4,880.208
07-834-3350,29,High,181.87,12,4,872.976
82-474-5074,22,Middle,96.86,9,10,871.74
90-569-7391,18,Middle,197.9,11,4,870.76
43-715-8777,27,Middle,476.63,9,2,857.934
98-238-6733,42,High,425.69,5,4,851.3799999999999
07-402-7433,42,Middle,354.16,8,3,849.984
81-014-4502,24,Middle,424.18,5,4,848.36
63-304-1852,21,High,188.17,9,5,846.765
86-182-9556,34,High,210.21,4,10,840.8399999999999
10-247-0192,29,High,279.34,5,6,838.0199999999999
37-748-4988,21,Middle,103.4,9,9,837.54
60-618-2561,41,High,98.97,12,7,831.348
67-323-7406,35,High,197.7,7,6,830.3399999999999
04-660-2742,46,High,229.3,6,6,825.4800000000001
53-459-7870,50,High,165.01,10,5,825.05
93-649-9356,18,High,343.77,6,4,825.048
67-599-9267,47,High,164.44,5,10,822.2
80-277-3242,36,High,342.39,8,3,821.7360000000001
41-501-9276,24,High,455.81,3,6,820.458
37-100-8709,27,High,117.13,7,10,819.9100000000001
18-655-3670,29,Middle,449.13,9,2,808.434
54-238-5459,40,High,149.52,9,6,807.408
44-949-9040,23,High,446.86,9,2,804.3480000000001
02-676-9312,44,High,191.21,7,6,803.082
92-908-5062,18,Middle,72.8,11,10,800.8
84-337-1016,19,High,333.32,8,3,799.9680000000001
99-771-9310,37,High,399.95,10,2,799.9
06-647-3248,26,High,114.03,7,10,798.21
57-372-5969,35,High,442.29,9,2,796.1220000000001
71-573-6085,31,Middle,132.52,6,10,795.1200000000001
72-830-1211,38,High,496.11,2,8,793.7760000000001
14-709-8547,44,Middle,82.39,12,8,790.9440000000001
35-198-9248,21,Middle,263.15,3,10,789.4499999999999
45-776-7217,37,Middle,140.87,8,7,788.8720000000001
87-590-8963,45,High,112.69,10,7,788.8300000000002
28-676-0614,49,Middle,262.61,3,10,787.83
90-272-5701,28,Middle,327.32,6,4,785.568
91-053-3261,49,Middle,435.52,9,2,783.9359999999999
86-668-1045,20,High,355.31,11,2,781.682
74-483-2893,26,Middle,101.29,11,7,779.933
47-073-6440,21,Middle,487.25,4,4,779.6
53-380-3968,43,High,427.82,9,2,770.076
67-593-9579,46,Middle,71.0,12,9,766.8
40-347-2903,27,Middle,425.82,3,6,766.476
18-593-8611,22,High,156.4,7,7,766.3599999999999
78-163-4800,43,Middle,318.84,6,4,765.216
16-730-2056,49,High,169.77,5,9,763.965
86-268-2904,49,High,158.84,6,8,762.432
82-467-3300,23,High,216.45,5,7,757.575
26-521-8328,49,Middle,378.59,5,4,757.18
73-259-8940,34,Middle,315.03,4,6,756.0719999999999
35-879-0014,34,High,107.82,7,10,754.74
50-303-1693,29,Middle,187.22,10,4,748.88
10-328-5732,44,High,311.9,4,6,748.56
67-209-0990,39,High,373.01,5,4,746.02
30-735-8744,24,Middle,465.07,8,2,744.112
03-950-6074,36,Middle,371.58,2,10,743.16
39-867-1989,40,High,306.17,4,6,734.808
73-827-2774,33,High,305.29,3,8,732.6960000000001
44-938-7475,28,High,81.23,9,10,731.07
41-602-4042,47,High,363.91,10,2,727.82
93-867-8303,21,Middle,201.6,9,4,725.76
95-112-6724,31,Middle,301.39,6,4,723.336
84-458-6432,40,Middle,361.27,4,5,722.54
82-389-2029,28,High,240.82,10,3,722.4599999999999
21-313-7424,45,Middle,343.81,3,7,722.001
01-023-2094,27,Middle,480.52,3,5,720.78
79-902-8144,26,High,93.29,11,7,718.333
30-528-9105,42,Middle,198.36,4,9,714.0960000000001
81-515-5823,40,Middle,178.29,4,10,713.16
30-083-9565,37,Middle,324.11,11,2,713.042
39-274-2175,48,High,79.1,10,9,711.9
04-465-1819,37,High,354.87,5,4,709.74
50-447-5171,50,High,235.49,5,6,706.47
94-495-3402,49,High,235.13,10,3,705.3900000000001
97-715-3606,29,Middle,78.32,9,10,704.8799999999999
11-850-1953,32,Middle,293.64,3,8,704.736
30-520-8656,19,Middle,194.93,9,4,701.748
66-949-9895,21,Middle,83.5,12,7,701.4
08-584-8296,18,Middle,218.26,4,8,698.432
04-052-5592,41,Middle,144.39,12,4,693.0719999999999
72-393-6893,50,Middle,432.42,2,8,691.8720000000001
70-207-6999,36,High,383.33,6,3,689.994
02-653-5884,42,High,164.27,6,7,689.9340000000001
49-891-9711,22,Middle,383.13,3,6,689.6339999999999
37-468-8133,44,Middle,492.51,7,2,689.5139999999999
62-273-8089,39,Middle,85.03,9,9,688.743
23-985-3535,26,High,382.49,6,3,688.482
58-788-8938,49,High,427.1,8,2,683.36
61-926-1691,32,High,162.24,7,6,681.408
90-602-3583,32,High,283.78,4,6,681.0719999999999
34-237-3943,44,Middle,283.7,8,3,680.8799999999999
02-677-6735,21,High,212.63,8,4,680.4159999999999
83-714-9649,28,Middle,226.53,3,10,679.59
50-510-5119,43,High,322.4,7,3,677.04
31-364-4144,40,High,105.76,8,8,676.864
34-874-7357,21,High,281.37,12,2,675.288
94-985-5336,29,High,372.6,3,6,670.6800000000001
47-931-2642,46,Middle,267.85,5,5,669.625
59-971-0799,48,Middle,476.42,7,2,666.988
79-960-1714,31,Middle,370.54,2,9,666.972
29-341-6463,38,Middle,74.09,10,9,666.8100000000001
62-892-2088,38,High,370.17,2,9,666.306
57-797-8139,43,High,332.14,10,2,664.28
52-005-9914,28,High,207.52,4,8,664.0640000000001
43-172-9431,25,Middle,138.2,8,6,663.3599999999999
93-413-4758,31,Middle,182.6,4,9,657.3599999999999
52-240-3825,34,High,326.82,4,5,653.64
85-691-4293,21,Middle,463.07,7,2,648.298
77-642-7686,38,High,178.61,12,3,642.9960000000001
22-311-5460,44,Middle,80.17,10,8,641.36
35-907-0586,39,High,213.39,6,5,640.17
81-926-9297,22,Middle,193.94,11,3,640.0020000000001
56-453-8263,29,Middle,266.61,3,8,639.864
23-752-2213,36,Middle,182.72,5,7,639.52
22-382-9636,32,Middle,426.21,3,5,639.3149999999999
53-091-2176,21,High,106.15,12,5,636.9000000000001
83-455-7266,37,Middle,235.84,9,3,636.768
16-364-8096,41,High,117.03,6,9,631.9620000000001
18-452-1635,19,Middle,210.58,10,3,631.74
53-639-3774,37,Middle,299.31,7,3,628.551
71-667-2334,33,High,348.5,3,6,627.3
74-051-7865,19,High,390.44,4,4,624.704
07-751-9620,23,Middle,297.45,3,7,624.6449999999999
34-094-1923,40,Middle,173.46,4,9,624.456
22-579-3978,40,Middle,88.78,10,7,621.4599999999999
83-982-5300,27,Middle,310.16,5,4,620.32
19-643-1879,45,Middle,257.86,6,4,618.864
87-290-8263,31,High,309.22,5,4,618.44
22-414-4955,35,High,342.99,3,6,617.382
90-858-0453,23,Middle,77.08,10,8,616.64
62-493-5282,35,High,256.63,12,2,615.912
57-000-8646,41,High,204.83,6,5,614.49
91-724-4633,45,Middle,146.07,7,6,613.494
62-720-2922,30,High,244.47,5,5,611.175
09-258-0424,45,Middle,407.29,3,5,610.9350000000001
43-386-2489,27,High,253.29,6,4,607.896
89-392-5002,19,High,287.95,3,7,604.6949999999999
64-090-3433,35,Middle,251.93,8,3,604.632
64-906-4475,43,High,201.53,5,6,604.5899999999999
88-445-9235,46,High,301.4,4,5,602.8
22-106-8347,48,High,334.45,2,9,602.01
39-075-3518,27,Middle,166.74,6,6,600.264
49-476-1729,42,High,333.41,3,6,600.138
00-496-3067,32,Middle,249.24,8,3,598.176
84-649-5117,24,Middle,426.22,2,7,596.708
21-297-1223,49,High,124.17,12,4,596.016
75-953-8663,35,High,494.18,6,2,593.016
20-460-9796,47,Middle,246.63,8,3,591.912
31-783-9785,19,High,218.65,3,9,590.355
60-198-5417,27,High,280.2,3,7,588.4199999999998
83-670-9273,27,High,245.04,4,6,588.096
83-561-3374,45,High,489.27,4,3,587.124
54-193-3526,24,Middle,81.25,9,8,585.0
49-037-2300,31,Middle,278.21,3,7,584.2409999999999
24-272-6205,39,High,161.85,9,4,582.66
27-017-7173,21,Middle,242.65,3,8,582.36
16-070-0138,39,High,241.1,12,2,578.64
19-885-2597,42,High,239.46,3,8,574.704
21-232-1397,25,Middle,190.76,10,3,572.28
51-313-7293,31,High,236.05,6,4,566.5200000000001
31-491-8457,47,High,402.82,7,2,563.948
35-644-3184,21,High,160.25,7,5,560.875
33-484-6674,47,Middle,280.05,10,2,560.1
83-752-5439,28,Middle,399.24,7,2,558.936
93-957-6269,26,High,278.49,4,5,556.98
12-851-1771,50,High,123.73,9,5,556.785
12-417-5609,29,Middle,462.96,2,6,555.5519999999999
61-286-0069,18,Middle,158.54,5,7,554.89
91-570-2695,50,Middle,83.88,11,6,553.608
87-518-0375,46,Middle,83.33,11,6,549.978
03-102-0288,21,Middle,156.48,7,5,547.68
63-631-8261,18,High,50.71,12,9,547.668
15-421-1255,24,High,497.75,11,1,547.525
23-451-9920,37,Middle,75.91,12,6,546.5519999999999
22-022-9256,37,Middle,303.09,2,9,545.562
11-975-9054,33,Middle,388.26,2,7,543.564
04-829-7037,48,High,70.42,11,7,542.234
37-361-8691,40,High,489.81,11,1,538.7909999999999
27-463-5671,21,Middle,53.87,10,10,538.6999999999999
85-192-9218,31,High,297.24,2,9,535.0319999999999
54-207-8349,40,High,333.63,8,2,533.808
75-518-2831,33,Middle,106.69,5,10,533.45
77-178-6086,42,Middle,332.67,8,2,532.272
91-810-3612,36,Middle,379.2,7,2,530.88
76-620-2994,26,High,482.5,11,1,530.75
82-990-0504,46,Middle,378.87,7,2,530.418
34-846-7805,49,High,125.89,7,6,528.738
30-839-5589,42,Middle,264.3,10,2,528.6
91-602-0761,25,Middle,264.01,4,5,528.02
63-625-5757,33,Middle,175.74,5,6,527.22
02-055-8248,25,High,159.53,11,3,526.449
20-939-3906,40,High,130.84,4,10,523.36
10-300-8072,46,High,290.53,3,6,522.954
14-025-2335,19,Middle,64.22,9,9,520.182
36-593-2907,42,High,157.21,11,3,518.793
18-938-9896,44,Middle,422.31,2,6,506.77200000000005
17-032-6274,40,High,240.28,3,7,504.588
73-991-0066,35,High,418.51,6,2,502.212
34-375-8138,48,Middle,69.41,8,9,499.75199999999995
55-944-9669,32,Middle,249.73,5,4,499.4599999999999
18-841-7253,50,High,409.98,12,1,491.976
87-056-8987,49,High,491.92,10,1,491.91999999999996
33-243-8793,45,Middle,163.4,3,10,490.2
26-028-2671,44,High,403.57,6,2,484.284
28-862-5550,49,Middle,403.03,12,1,483.63599999999997
23-794-8196,36,High,268.28,9,2,482.9039999999999
64-641-7874,33,High,481.84,10,1,481.84
60-005-5187,25,Middle,197.9,3,8,474.96000000000004
54-002-5845,35,High,263.57,2,9,474.42600000000004
14-784-5606,19,High,395.01,2,6,474.012
81-580-3810,36,Middle,79.0,10,6,474.0
43-664-4451,30,Middle,294.99,4,4,471.98400000000004
40-149-8247,23,Middle,336.96,2,7,471.74399999999997
71-473-2656,27,High,393.03,4,3,471.63599999999997
22-483-3115,37,High,390.51,6,2,468.61199999999997
05-975-6985,27,High,171.52,3,9,463.1040000000001
62-198-2511,22,Middle,308.54,3,5,462.81000000000006
15-640-6493,31,High,184.74,5,5,461.85
04-563-9091,37,Middle,328.21,7,2,459.49399999999997
57-410-7415,33,High,254.73,6,3,458.51399999999995
47-528-3961,24,High,251.63,9,2,452.934
18-633-9387,27,Middle,106.96,6,7,449.23199999999997
54-634-0814,35,High,74.69,10,6,448.14
09-216-1957,31,High,178.04,5,5,445.1
66-557-1474,25,Middle,82.13,9,6,443.50199999999995
55-876-7407,42,High,442.15,10,1,442.15
76-848-9229,29,High,122.46,12,3,440.85599999999994
90-322-7329,44,High,312.93,2,7,438.10200000000003
68-296-5978,36,High,218.87,5,4,437.73999999999995
15-711-4107,43,High,87.03,10,5,435.15
73-097-0986,23,Middle,270.82,2,8,433.312
02-100-4320,32,High,71.72,12,5,430.32
23-066-1915,23,Middle,355.28,3,4,426.33599999999996
53-784-1855,19,Middle,121.7,7,5,425.95
79-052-8470,35,Middle,303.13,2,7,424.38199999999995
86-068-2133,32,High,234.58,3,6,422.244
68-458-0904,20,High,131.9,8,4,422.08000000000004
81-225-6647,43,High,120.56,5,7,421.9599999999999
84-765-0748,34,Middle,351.36,2,6,421.63199999999995
76-397-3294,27,High,199.44,7,3,418.82399999999996
58-059-8187,27,High,207.66,10,2,415.32
85-922-0190,19,High,206.32,5,4,412.64
06-160-8063,21,Middle,114.44,4,9,411.98400000000004
78-503-0416,25,Middle,85.57,12,4,410.736
60-838-4334,45,High,454.57,9,1,409.113
18-097-5707,34,Middle,291.6,2,7,408.24000000000007
00-265-0556,20,Middle,68.02,10,6,408.12
45-584-7333,40,High,370.38,11,1,407.418
09-346-4992,46,High,223.47,9,2,402.246
95-525-0842,34,High,110.4,12,3,397.44000000000005
47-720-9520,49,Middle,78.71,5,10,393.54999999999995
38-940-4942,22,High,490.41,4,2,392.32800000000003
64-031-2046,29,High,392.27,5,2,392.27
79-884-5600,36,High,245.14,4,4,392.224
75-845-3143,23,High,490.11,8,1,392.088
84-188-6577,39,Middle,163.22,8,3,391.72799999999995
68-129-1060,37,High,92.97,6,7,390.474
78-822-9328,44,High,324.22,2,6,389.064
37-513-5073,33,Middle,193.76,10,2,387.52
72-728-4406,50,Middle,143.52,9,3,387.504
89-754-7244,45,High,161.34,3,8,387.216
66-050-6391,45,Middle,64.49,6,10,386.93999999999994
91-761-9492,29,Middle,385.32,10,1,385.32
21-783-9242,31,High,142.43,3,9,384.56100000000004
46-578-1425,44,High,64.09,10,6,384.5400000000001
96-229-1698,23,Middle,91.27,7,6,383.334
96-140-1936,30,Middle,477.35,4,2,381.88
24-591-4327,35,High,317.09,6,2,380.508
41-366-4205,50,High,69.78,9,6,376.812
43-595-0966,46,Middle,268.8,2,7,376.32000000000005
04-352-1558,36,High,123.7,6,5,371.1
09-443-7536,37,High,183.86,5,4,367.72
18-832-6916,32,High,61.21,12,5,367.26
30-417-6981,45,High,152.87,3,8,366.88800000000003
41-130-2570,33,Middle,332.79,11,1,366.069
30-038-8752,49,High,365.88,10,1,365.88
43-920-9499,35,Middle,364.48,2,5,364.48
40-199-1803,42,High,361.4,2,5,361.4
96-915-4091,36,High,398.97,3,3,359.07300000000004
28-947-4295,29,Middle,325.42,11,1,357.96200000000005
71-436-6908,47,High,237.57,5,3,356.35499999999996
02-725-7664,43,High,294.61,6,2,353.53200000000004
62-701-1037,49,Middle,192.51,9,2,346.518
38-943-5744,19,High,288.15,3,4,345.78
20-830-4758,35,Middle,286.43,4,3,343.716
03-180-9200,39,High,142.7,6,4,342.47999999999996
23-758-1012,39,Middle,190.06,9,2,342.108
40-224-1057,40,Middle,426.87,2,4,341.496
72-694-4159,39,Middle,379.21,9,1,341.289
78-091-8662,43,High,141.63,3,8,339.912
94-212-7169,23,High,339.12,2,5,339.12
05-857-1572,23,Middle,421.95,8,1,337.56
80-830-3184,47,High,70.3,6,8,337.43999999999994
22-039-6819,28,Middle,160.47,7,3,336.98699999999997
15-530-3861,36,High,111.7,6,5,335.1
37-783-6086,26,High,111.27,3,10,333.81
53-843-5619,38,High,83.21,10,4,332.84
75-083-3608,23,Middle,414.83,2,4,331.864
13-588-2488,39,Middle,276.48,3,4,331.776
64-490-6975,46,Middle,367.7,3,3,330.92999999999995
47-225-8686,29,High,122.55,9,3,330.88500000000005
52-779-8972,47,High,164.79,4,5,329.58
54-936-4361,34,High,182.89,2,9,329.20199999999994
70-108-1493,25,Middle,365.1,3,3,328.59000000000003
58-623-8404,50,High,81.91,10,4,327.64
93-810-4051,26,High,108.61,10,3,325.83
37-065-3182,24,High,201.96,8,2,323.136
94-120-9525,34,High,358.5,3,3,322.65
78-826-3039,27,High,228.93,7,2,320.502
95-148-1769,36,Middle,96.52,11,3,318.51599999999996
06-638-0433,41,High,79.3,10,4,317.2
74-509-4985,19,High,211.16,5,3,316.73999999999995
01-799-2615,45,Middle,64.5,7,7,316.05
27-018-2262,42,Middle,131.36,4,6,315.264
41-816-7753,22,Middle,150.11,7,3,315.231
37-283-9076,18,Middle,89.6,7,5,313.59999999999997
07-479-3919,27,Middle,171.61,3,6,308.898
46-779-7065,41,High,441.15,7,1,308.80499999999995
24-662-2119,47,High,68.59,9,5,308.65500000000003
33-203-4230,23,High,218.32,2,7,305.648
66-085-1226,22,Middle,432.84,7,1,302.98799999999994
36-323-3504,29,Middle,377.67,8,1,302.136
79-711-6779,34,High,429.24,7,1,300.468
19-933-8095,34,Middle,61.22,7,7,299.97799999999995
36-214-1586,41,High,186.85,2,8,298.96
86-257-9581,30,High,497.76,2,3,298.656
74-882-6648,34,High,141.09,7,3,296.289
27-672-6081,35,High,246.44,4,3,295.72799999999995
51-302-9537,40,High,492.74,2,3,295.644
17-648-0171,38,High,89.32,11,3,294.756
99-316-9993,27,Middle,146.59,10,2,293.18
63-964-6954,19,High,73.19,5,8,292.76
73-139-4306,24,Middle,139.1,7,3,292.11
07-211-9364,45,Middle,91.24,8,4,291.96799999999996
52-150-4629,23,High,145.98,4,5,291.96
53-409-1176,26,High,416.96,7,1,291.87199999999996
85-738-6864,25,Middle,138.88,7,3,291.648
74-281-3421,50,Middle,96.68,10,3,290.04
67-073-5578,27,Middle,53.45,6,9,288.63
80-684-5072,32,High,79.81,4,9,287.316
14-118-5229,25,Middle,475.64,3,2,285.384
06-237-7338,27,Middle,354.92,8,1,283.93600000000004
58-502-7490,32,High,236.44,6,2,283.72799999999995
28-225-4286,39,High,282.13,5,2,282.13
27-806-4972,26,High,469.22,6,1,281.53200000000004
98-817-6731,30,High,58.49,6,8,280.752
52-908-9971,31,Middle,467.5,6,1,280.5
50-471-0212,19,High,233.02,4,3,279.624
00-149-4481,28,High,464.76,2,3,278.856
90-918-2833,48,High,132.67,7,3,278.60699999999997
84-954-2973,37,High,102.09,3,9,275.643
86-097-9642,27,Middle,91.63,3,10,274.89
66-974-6707,48,Middle,228.68,3,4,274.416
27-111-2242,40,High,249.02,11,1,273.922
29-319-4519,32,High,171.17,4,4,273.87199999999996
37-126-7954,38,Middle,227.57,2,6,273.084
84-162-8799,43,Middle,385.08,7,1,269.556
38-587-1781,18,Middle,149.42,3,6,268.956
76-672-1193,19,High,111.75,4,6,268.2
05-465-8765,27,High,380.99,7,1,266.69300000000004
34-016-7909,42,High,131.85,4,5,263.7
82-572-9091,46,Middle,163.41,2,8,261.456
47-178-9529,37,High,217.72,3,4,261.264
33-264-2822,38,High,371.32,7,1,259.924
13-792-4356,21,High,162.31,8,2,259.696
89-730-1134,46,Middle,96.18,3,9,259.68600000000004
81-604-7906,49,Middle,61.71,6,7,259.18199999999996
34-265-8558,22,High,429.24,2,3,257.544
72-431-5021,35,High,427.48,6,1,256.488
48-609-7715,43,High,426.89,2,3,256.134
95-999-0984,33,High,159.82,2,8,255.712
19-116-4723,45,High,364.98,7,1,255.48600000000002
51-546-9992,33,High,181.1,2,7,253.54000000000002
04-468-5487,22,Middle,210.9,12,1,253.08
50-395-1941,30,High,104.74,6,4,251.37599999999998
44-715-9594,23,Middle,208.59,3,4,250.308
98-585-4742,38,High,113.51,11,2,249.72200000000004
61-176-8712,27,High,225.12,11,1,247.632
79-297-1061,44,Middle,61.86,5,8,247.44
46-098-9737,35,Middle,411.83,2,3,247.098
76-501-6422,24,Middle,205.36,12,1,246.43200000000002
05-710-6109,27,High,116.92,7,3,245.532
84-260-6464,23,Middle,58.32,7,6,244.94400000000002
14-249-1256,46,Middle,58.29,6,7,244.81800000000004
37-101-4922,42,Middle,76.27,4,8,244.064
79-939-2140,41,Middle,50.78,6,8,243.744
71-354-5174,34,High,151.25,2,8,242.0
54-164-2243,48,Middle,298.73,4,2,238.984
71-197-8227,37,Middle,298.38,4,2,238.704
46-167-7999,44,Middle,108.5,11,2,238.7
49-469-9163,20,Middle,118.65,10,2,237.3
27-619-9264,23,High,391.87,3,2,235.122
41-009-7879,27,High,156.5,5,3,234.75
20-648-1010,34,High,109.88,7,3,230.748
78-361-5100,44,Middle,52.24,11,4,229.856
51-116-5937,25,High,204.29,11,1,224.719
55-955-9889,31,High,280.88,4,2,224.704
65-036-2410,50,Middle,369.73,2,3,221.83800000000002
06-767-5206,49,High,109.97,4,5,219.94
25-485-2023,26,Middle,90.79,12,2,217.89600000000002
35-122-5020,48,High,102.96,3,7,216.21599999999998
29-987-3969,21,Middle,193.3,11,1,212.63000000000002
75-915-9803,45,High,192.35,11,1,211.58499999999998
25-866-7286,30,Middle,211.39,10,1,211.38999999999996
28-395-9872,38,High,65.68,4,8,210.17600000000002
80-487-2550,34,High,208.6,2,5,208.6
71-959-3896,29,High,98.63,7,3,207.123
00-733-8770,37,High,57.5,12,3,207.0
27-100-0661,29,High,206.79,5,2,206.79000000000002
96-484-1000,26,Middle,258.02,2,4,206.416
70-761-3550,43,High,257.12,8,1,205.696
48-343-1220,42,High,335.32,6,1,201.192
11-820-5039,22,Middle,125.68,2,8,201.08800000000002
07-560-6637,41,Middle,287.18,7,1,201.026
79-939-5393,21,High,182.54,11,1,200.79399999999998
84-208-7045,33,High,55.73,12,3,200.628
75-617-1460,50,High,66.86,3,10,200.57999999999998
76-148-9413,43,High,111.24,9,2,200.232
03-977-8103,25,Middle,333.56,3,2,200.13600000000002
15-663-7994,20,Middle,497.8,2,2,199.12
26-150-0209,28,Middle,82.37,6,4,197.68800000000002
31-395-1286,47,High,197.12,10,1,197.12
00-520-4376,50,High,97.97,2,10,195.94
67-438-2378,29,Middle,217.62,3,3,195.858
10-870-3357,45,Middle,487.96,2,2,195.184
11-802-5604,26,High,81.18,8,3,194.83200000000002
78-824-1887,26,Middle,121.57,4,4,194.512
27-543-7069,37,Middle,107.21,2,9,192.978
03-991-2098,41,High,152.33,2,6,182.796
40-232-5631,47,Middle,227.47,2,4,181.976
98-376-8787,36,High,85.52,7,3,179.592
53-102-9949,41,Middle,298.93,6,1,179.358
04-832-3559,26,Middle,88.4,5,4,176.8
49-825-3438,50,High,435.23,2,2,174.092
88-428-8409,37,High,347.99,5,1,173.995
90-888-8726,48,High,347.09,5,1,173.545
38-830-6976,31,High,86.63,10,2,173.26
36-835-7445,45,Middle,57.39,3,10,172.17000000000002
56-085-0464,36,High,56.74,5,6,170.21999999999997
18-263-0366,33,Middle,139.83,12,1,167.796
61-212-1117,42,Middle,419.13,4,1,167.652
64-799-3174,46,Middle,79.43,3,7,166.80300000000003
53-437-2629,42,High,411.81,4,1,164.724
57-989-1487,46,Middle,329.41,5,1,164.705
67-935-7964,41,Middle,205.49,4,2,164.392
78-272-6417,49,Middle,163.14,5,2,163.14
08-755-1170,47,Middle,67.92,3,8,163.00799999999998
88-167-7129,40,High,162.22,10,1,162.22
31-147-6197,23,High,268.93,2,3,161.358
22-692-3470,46,High,159.45,2,5,159.45
07-395-5818,37,High,198.89,2,4,159.112
51-415-1931,42,High,75.27,7,3,158.067
17-198-5155,30,High,52.34,6,5,157.02
03-827-4021,39,High,129.82,12,1,155.784
76-213-5806,21,High,129.64,4,3,155.56799999999998
24-109-2173,27,High,388.01,2,2,155.204
39-090-0124,31,Middle,73.74,7,3,154.85399999999998
19-667-0201,41,Middle,220.77,7,1,154.53900000000002
85-738-8909,40,Middle,102.73,3,5,154.095
26-596-5461,46,High,170.77,9,1,153.693
27-439-9545,25,High,51.22,6,5,153.66
81-111-7832,50,High,378.87,2,2,151.548
13-588-5783,20,Middle,126.26,2,6,151.512
73-367-8478,41,High,52.79,4,7,147.81199999999998
91-572-6135,45,Middle,367.99,2,2,147.196
18-047-5540,50,High,98.02,5,3,147.03
81-814-3498,32,Middle,483.66,3,1,145.098
91-603-1565,48,Middle,481.21,3,1,144.363
27-742-2776,26,High,71.95,2,10,143.9
83-792-5141,50,Middle,101.7,7,2,142.38
05-506-7216,36,High,352.35,4,1,140.94
78-796-5651,35,Middle,234.44,6,1,140.664
89-724-2536,42,Middle,140.31,2,5,140.31
94-969-6819,33,High,77.65,6,3,139.77
46-681-0764,44,Middle,114.93,3,4,137.916
79-759-6726,18,High,151.73,3,3,136.55699999999996
86-359-7320,43,Middle,136.1,5,2,136.1
53-240-2040,26,High,222.63,3,2,133.578
51-220-3072,31,Middle,164.94,4,2,131.952
69-692-0614,18,Middle,214.48,2,3,128.688
80-728-6133,47,Middle,255.1,5,1,127.55
98-535-8497,35,High,105.87,12,1,127.04400000000001
09-332-0236,47,Middle,51.86,4,6,124.46399999999998
53-667-0793,25,High,113.01,11,1,124.311
96-764-3843,20,Middle,308.87,2,2,123.548
21-755-8745,37,High,136.53,3,3,122.877
77-761-7475,28,Middle,204.44,2,3,122.66399999999999
28-123-8406,33,High,122.58,2,5,122.58
79-384-7469,50,Middle,50.79,12,2,121.896
20-817-9584,42,Middle,169.28,7,1,118.49600000000001
27-571-9402,44,Middle,78.64,5,3,117.96
87-727-6434,28,High,73.23,8,2,117.168
67-937-6624,50,High,166.45,7,1,116.51499999999999
09-783-7921,19,High,194.08,3,2,116.44800000000001
55-570-3804,36,Middle,189.97,2,3,113.982
22-981-6595,26,High,227.58,5,1,113.79
38-935-1865,18,High,160.82,7,1,112.574
47-501-3435,38,High,225.05,5,1,112.525
81-054-5343,45,High,138.44,4,2,110.752
60-073-3575,30,Middle,276.77,2,2,110.708
67-639-5838,23,Middle,216.84,5,1,108.42
79-592-5396,30,High,268.59,4,1,107.43599999999999
36-632-2460,23,High,131.48,8,1,105.184
70-014-6406,18,Middle,171.72,3,2,103.032
25-560-4506,31,High,254.83,2,2,101.932
78-613-1546,49,Middle,145.02,7,1,101.51400000000001
94-692-4313,31,High,56.02,3,6,100.836
66-086-2306,19,Middle,249.78,4,1,99.912
55-580-7707,38,High,245.98,4,1,98.392
42-207-5005,45,Middle,491.51,2,1,98.30199999999999
63-680-7694,29,High,154.19,6,1,92.514
68-971-6148,45,High,462.24,2,1,92.44800000000001
74-353-6312,46,Middle,113.88,2,4,91.104
38-478-2681,22,Middle,177.05,5,1,88.525
44-786-7696,41,Middle,54.74,4,4,87.584
80-508-9866,46,Middle,290.56,3,1,87.168
51-431-7150,41,Middle,84.15,10,1,84.15
68-507-4747,41,High,278.78,3,1,83.63399999999999
84-637-9188,35,Middle,207.11,4,1,82.84400000000001
99-643-9845,28,Middle,137.75,6,1,82.65
28-969-7540,44,High,136.67,3,2,82.002
72-324-1243,34,High,65.45,6,2,78.54
62-687-5354,23,Middle,255.86,3,1,76.75800000000001
20-157-8631,44,High,63.91,2,6,76.692
26-235-6745,27,High,63.6,12,1,76.32000000000001
53-013-1026,40,High,53.67,7,2,75.138
79-973-7862,47,Middle,105.29,7,1,73.703
27-010-9462,21,Middle,61.19,2,6,73.428
32-414-1466,26,High,73.32,10,1,73.32
39-636-5871,38,High,362.01,2,1,72.402
19-999-0134,30,Middle,353.4,2,1,70.67999999999999
09-737-8354,37,Middle,173.43,4,1,69.372
70-774-7728,41,Middle,339.63,2,1,67.926
40-450-4266,37,Middle,61.5,11,1,67.65
02-004-0620,32,Middle,167.61,2,2,67.04400000000001
63-808-3641,25,High,222.61,3,1,66.783
65-249-5416,35,High,54.71,4,3,65.652
90-069-8934,40,High,109.29,3,2,65.574
30-975-0306,40,High,105.64,6,1,63.384
34-095-3364,31,Middle,305.45,2,1,61.089999999999996
48-980-6078,29,Middle,101.31,6,1,60.786
32-338-5967,32,Middle,113.57,5,1,56.78499999999999
73-942-8440,37,Middle,112.55,5,1,56.275
58-528-6262,42,Middle,138.35,2,2,55.339999999999996
56-506-4709,50,Middle,135.8,2,2,54.32000000000001
15-625-4047,39,Middle,130.92,2,2,52.367999999999995
76-982-8107,47,Middle,85.61,2,3,51.366
30-522-1574,31,Middle,127.18,2,2,50.872
33-200-7615,40,High,247.3,2,1,49.46
81-877-9170,30,High,157.26,3,1,47.178
23-302-7502,30,High,58.51,2,4,46.808
62-974-7965,30,High,58.27,2,4,46.616
46-978-3874,22,High,91.34,5,1,45.67
25-502-1415,38,High,54.17,4,2,43.336
77-626-7240,25,High,86.39,5,1,43.195
03-669-7519,40,Middle,209.68,2,1,41.936
10-961-9336,27,Middle,78.0,5,1,39.0
66-033-0540,34,High,93.52,2,2,37.408
23-617-2637,50,Middle,180.21,2,1,36.042
36-240-3240,25,Middle,56.85,5,1,28.425
46-503-5589,41,High,136.2,2,1,27.24
07-816-2673,46,Middle,54.46,5,1,27.23
00-264-3797,26,Middle,128.01,2,1,25.601999999999997
25-285-7453,32,High,78.9,3,1,23.67
08-614-6177,32,Middle,100.32,2,1,20.064
78-214-5658,48,Middle,59.15,3,1,17.744999999999997
02-711-1034,48,High,51.44,2,1,10.288
